Date,Region,Public?,Programme Lead,Event Name,Event Type,Funding Type,Programme/Client,# Attendees,Add to public calendar?,Location,Presenter,External Contact Person,Revenue,Invoice ID,Payment Status (Auto),Support Staff Attending,Status (auto),Notes (Programme/Grant etc)
2026-08-01 12:00,Online,Yes,Jordan Reyes,Research Methods Info Session,Info Session,None,Research Intensive,22,TRUE,Online,Methods Team,,,,,,Finished,"Open public info session about the upcoming Research Intensive cohort. Promote via newsletter."
2026-08-05 14:00,Kanto,Yes,Alex Kim,Fellowship Mentor Matching Workshop,Workshop,Grant,Research Fellowship,15,TRUE,Tokyo Office,Fellowship Team,,,,,,Finished,"Matches incoming fellows with mentors for the autumn cohort."
2026-08-12 10:00,Kansai,No,Sam Patel,Quarterly Partner Review - Northwind Foundation,Client Meeting,Fee-for-service,Client Engagement,6,FALSE,Osaka Office,,Northwind Foundation contact,450000,INV-2026-014,Paid,1,Finished,"Internal only, contains contract renewal discussion."
2026-08-20 09:00,Online,Yes,Jordan Reyes,Research Residency Kickoff,Residency,Sponsorship,Research Residency,30,TRUE,Online,Residency Team,,,,,,Finished,"Public kickoff stream for residency cohort 4."
2026-09-02 13:00,Kyushu,Yes,Alex Kim,Community Research Talk,Community Event,Fundraised,Research Events,40,TRUE,Fukuoka Community Hall,Guest Speaker,,,,,,Finished,"Well attended, consider repeating quarterly."
2026-09-10 11:00,Online,No,Sam Patel,Internal Ops Retreat Planning,Internal Meeting,None,Research Intensive,8,FALSE,Online,,,,,,Finished,"Internal planning only, not for public calendar."
2026-09-15 15:00,Okinawa,Yes,Jordan Reyes,Residency Open House,Residency,Grant,Research Residency,25,TRUE,Naha Office,Residency Team,,,,,,Finished,"Public open house, no personal data collected here."
2026-09-22 10:00,Kanto,No,Alex Kim,Fellowship Milestone Review,Review,None,Research Fellowship,4,FALSE,Tokyo Office,Mentor Panel,,,,,,Finished,"Internal milestone review, notes withheld from public feed."
2026-10-01 09:00,Online,Yes,Sam Patel,Autumn Cohort Info Session,Info Session,None,Research Intensive,35,TRUE,Online,Intensive Team,,,,,,Cancelled,"Cancelled due to venue conflict, rescheduling for November."
2026-10-08 14:00,Kansai,Yes,Jordan Reyes,Community Fundraising Gala,Community Event,Fundraised,Research Events,60,TRUE,Osaka Hall,Events Team,,,,,,Finished,"Large public fundraiser, flyer distributed on the public site."
